<?xml version="1.0" encoding="UTF-8" standalone="yes"?>
<SharedFlow name="default">
    <Step>
        <Name>Pull-from-KVM</Name>
    </Step>
    <Step>
        <Condition>(private.ffs_definition is null)</Condition>
        <Name>Create-Request</Name>
    </Step>
    <Step>
        <Condition>(private.ffs_definition is null)</Condition>
        <Name>Ubiq-Auth</Name>
    </Step>
    <Step>
        <Condition>(private.ffs_definition is null)</Condition>
        <Name>Get-FFS-Keys-and-Def</Name>
    </Step>
    <Step>
        <Condition>(private.ffs_definition is null)</Condition>
        <Name>Extract-from-Response</Name>
    </Step>
    <Step>
        <Condition>(response_data IsNot null)</Condition>
        <Name>Add-to-KVM</Name>
    </Step>
    <Step>
        <Name>Handle-Variables</Name>
    </Step>
</SharedFlow>