<?xml version="1.0" encoding="UTF-8" standalone="yes"?>
<SharedFlowBundle revision="7" name="Dataset-Definitions">
    <ConfigurationVersion majorVersion="4" minorVersion="0"/>
    <CreatedAt>1692205258189</CreatedAt>
    <CreatedBy>support@ubiqsecurity.com</CreatedBy>
    <Description>Pulls definitions and keys for Datasets, for use with the Ubiq library. Caches data in the Apigee "Ubiq" KVM.</Description>
    <DisplayName>Dataset Definitions</DisplayName>
    <LastModifiedAt>1693240075304</LastModifiedAt>
    <LastModifiedBy>ian.freshwater@ubiqsecurity.com</LastModifiedBy>
    <ManifestVersion>SHA-512:fd5be712f8516cdaa4c60932a4343ce6e110cab45d521638b29b5cd6cee49a10a0f4f00a9711582cb092b2e442e85c57918a78ab2c837b7a50a65b8e988341ee</ManifestVersion>
    <Policies>
        <Policy>Add-to-KVM</Policy>
        <Policy>Create-Request</Policy>
        <Policy>Extract-from-Response</Policy>
        <Policy>Get-FFS-Keys-and-Def</Policy>
        <Policy>Handle-Variables</Policy>
        <Policy>Pull-from-KVM</Policy>
        <Policy>Ubiq-Auth</Policy>
    </Policies>
    <Resources>
        <Resource>py://Ubiq-Auth.py</Resource>
        <Resource>jsc://Handle-Variables.js</Resource>
    </Resources>
    <Spec></Spec>
    <subType>SharedFlow</subType>
    <SharedFlows>
        <SharedFlow>default</SharedFlow>
    </SharedFlows>
</SharedFlowBundle>
